Div,Date,Time,HomeTeam,AwayTeam,B365H,B365D,B365A,MaxH,MaxD,MaxA,AvgH,AvgD,AvgA,B365>2.5,B365<2.5,Max>2.5,Max<2.5,Avg>2.5,Avg<2.5,BFE>2.5,BFE<2.5,AHh
D1,04/09/2026,19:30,Stuttgart,FC Koln,1.48,5,5.5,1.49,5,6,1.46,4.98,5.61,1.36,3.2,1.38,3.3,1.35,3.11,1.4,3.4,-1.25
D1,05/09/2026,14:30,Hoffenheim,Dortmund,2.88,3.9,2.2,2.9,4,2.3,2.84,3.8,2.2,1.44,2.75,1.48,2.88,1.43,2.72,1.51,2.9,0.25
D1,05/09/2026,14:30,Leverkusen,Union Berlin,1.44,4.75,6.25,1.46,5,6.6,1.43,4.8,6.16,1.44,2.75,1.45,3,1.41,2.8,1.47,3.05,-1.25
D1,05/09/2026,14:30,M'gladbach,Elversberg,1.9,3.75,3.8,1.9,4,3.9,1.86,3.78,3.76,1.57,2.38,1.6,2.4,1.56,2.35,1.63,2.5,-0.5
D1,05/09/2026,14:30,Paderborn,Freiburg,3.6,3.6,1.95,3.6,3.8,2.05,3.41,3.65,1.99,1.67,2.2,1.67,2.2,1.64,2.19,1.71,2.34,0.5
D1,05/09/2026,14:30,Werder Bremen,RB Leipzig,4.33,4,1.73,4.33,4.2,1.8,4.04,4.03,1.75,1.5,2.63,1.5,2.7,1.46,2.63,1.51,2.9,0.75
D1,05/09/2026,17:30,Schalke 04,Bayern Munich,15,7.5,1.17,16,9,1.18,13.58,8.32,1.15,1.22,4.33,1.25,4.33,1.22,4.12,1.25,4.7,2.25
D1,06/09/2026,14:30,Hamburg,Mainz,2.88,3.5,2.4,2.88,3.6,2.48,2.76,3.51,2.37,1.73,2.1,1.73,2.2,1.67,2.12,1.77,2.22,0.25
D1,06/09/2026,16:30,Ein Frankfurt,Augsburg,1.91,3.9,3.6,1.95,4.2,3.6,1.91,3.97,3.42,1.5,2.63,1.5,2.88,1.43,2.68,1.51,2.82,-0.5
E0,04/09/2026,20:00,Ipswich,Liverpool,5.25,4.75,1.5,5.8,5,1.54,5.48,4.8,1.5,1.4,3,1.42,3.1,1.37,2.99,1.44,3.2,1.25
E0,05/09/2026,12:30,Newcastle,Bournemouth,2.1,3.6,3.3,2.15,3.8,3.3,2.1,3.64,3.19,1.57,2.38,1.6,2.4,1.55,2.37,1.64,2.52,-0.25
E0,05/09/2026,15:00,Brentford,Sunderland,1.62,3.9,5.5,1.67,4,5.5,1.62,3.9,5.29,1.8,2,2.1,2,1.82,1.93,1.92,2.06,-0.75
E0,05/09/2026,15:00,Brighton,Leeds,1.95,3.5,3.9,2.38,3.6,3.9,1.98,3.52,3.68,1.91,1.91,2.1,1.95,1.85,1.89,1.93,2.04,-0.5
E0,05/09/2026,15:00,Fulham,Crystal Palace,2.3,3.25,3.25,3,3.5,3.25,2.32,3.37,3.03,1.91,1.91,2.5,1.93,1.89,1.86,1.97,2,-0.25
E0,05/09/2026,15:00,Man City,Coventry,1.18,8,12,1.2,8.5,15.5,1.17,7.64,13.85,1.36,3.2,1.36,3.25,1.34,3.17,1.38,3.5,-2.25
E0,05/09/2026,15:00,Nott'm Forest,Tottenham,2.4,3.4,2.9,2.5,3.4,2.9,2.4,3.36,2.86,1.91,1.91,2.38,1.91,1.91,1.83,1.98,1.99,-0.25
E0,05/09/2026,17:30,Hull,Aston Villa,4.2,3.6,1.85,4.2,3.75,1.9,4.04,3.62,1.86,1.88,1.98,1.88,1.98,1.83,1.91,1.94,2.02,0.5
E0,06/09/2026,14:00,Everton,Man United,3.3,3.5,2.1,3.3,3.6,2.2,3.21,3.54,2.12,1.73,2.1,1.73,2.2,1.67,2.12,1.75,2.26,0.25
E0,06/09/2026,16:30,Arsenal,Chelsea,1.67,3.75,5.25,1.73,4,5.25,1.69,3.8,4.82,1.73,2.1,1.77,2.1,1.73,2.03,1.81,2.18,-0.75
F1,04/09/2026,18:00,Lyon,Auxerre,1.42,4.5,7.5,1.46,4.8,8.3,1.42,4.63,7.12,1.62,2.3,1.64,2.3,1.61,2.25,1.67,2.46,-1.25
F1,04/09/2026,20:05,Paris SG,Monaco,1.33,5.75,7.5,1.4,5.75,8,1.34,5.59,7.44,1.36,3.2,1.38,3.3,1.35,3.1,1.39,3.5,-1.5
F1,05/09/2026,16:15,Lens,Lorient,1.45,4.33,7,1.5,4.75,7,1.45,4.46,6.33,1.62,2.3,1.65,2.3,1.62,2.23,1.69,2.36,-1.25
F1,05/09/2026,19:45,Le Havre,Brest,2.63,3.25,2.7,2.7,3.4,2.75,2.59,3.23,2.7,2.1,1.73,2.1,1.75,2.04,1.72,2.14,1.79,0
F1,05/09/2026,19:45,Nice,Le Mans,1.85,3.6,4.33,1.88,3.75,4.4,1.83,3.63,4.15,1.91,1.91,1.91,1.95,1.83,1.9,1.9,2.04,-0.5
F1,06/09/2026,14:00,Troyes,Strasbourg,3.1,3.4,2.3,3.2,3.5,2.35,3.01,3.35,2.28,1.88,1.98,1.9,1.98,1.85,1.88,1.92,2.02,0.25
F1,06/09/2026,16:15,Angers,Rennes,4,3.75,1.85,4,3.9,1.9,3.79,3.75,1.86,1.67,2.2,1.67,2.2,1.64,2.17,1.73,2.22,0.5
F1,06/09/2026,19:45,Marseille,Paris FC,1.75,3.8,4.33,1.8,4,4.33,1.75,3.86,4.16,1.67,2.2,1.67,2.3,1.6,2.23,1.68,2.32,-0.5
I1,04/09/2026,19:45,Genoa,Como,5.25,3.4,1.75,5.25,3.6,1.84,4.88,3.43,1.78,2.05,1.8,2.1,1.8,2.05,1.73,2.16,1.83,0.75
I1,05/09/2026,14:00,Fiorentina,Torino,1.9,3.3,4.5,1.94,3.4,4.5,1.91,3.3,4.31,2.1,1.73,2.1,1.73,2.09,1.7,2.2,1.79,-0.5
I1,05/09/2026,17:00,Inter,Napoli,1.67,3.6,5.5,1.68,3.8,5.5,1.64,3.72,5.42,2.05,1.8,2.05,1.8,1.99,1.77,2.1,1.87,-0.75
I1,05/09/2026,19:45,Roma,Atalanta,1.73,3.6,5,1.75,3.8,5.1,1.71,3.72,4.77,1.93,1.93,1.93,1.93,1.88,1.86,1.98,1.97,-0.75
I1,06/09/2026,14:00,Frosinone,Venezia,2.7,3.3,2.6,2.78,3.4,2.6,2.69,3.35,2.52,1.85,2,1.85,2,1.81,1.94,1.88,2.06,0
I1,06/09/2026,14:00,Parma,Monza,2.6,3.1,2.9,2.6,3.2,3,2.49,3.08,2.94,2.3,1.62,2.3,1.62,2.27,1.59,2.42,1.64,0
I1,06/09/2026,17:00,Bologna,Sassuolo,2,3.4,3.9,2,3.5,3.95,1.98,3.4,3.73,2,1.8,2.05,1.8,1.99,1.76,2.12,1.84,-0.5
I1,06/09/2026,19:45,Juventus,Milan,2.1,3.25,3.7,2.12,3.4,3.8,2.08,3.26,3.57,2.1,1.73,2.1,1.73,2.06,1.71,2.16,1.8,-0.5
I1,07/09/2026,17:30,Cagliari,Lecce,2,3.1,4.33,2.05,3.25,4.33,2,3.15,3.99,2.38,1.57,2.45,1.57,2.39,1.54,2.32,1.64,-0.5
I1,07/09/2026,19:45,Udinese,Lazio,2.9,3.1,2.55,2.9,3.25,2.66,2.86,3.12,2.54,2.3,1.62,2.3,1.62,2.26,1.59,2.42,1.65,0
SP1,04/09/2026,20:00,Betis,Real Madrid,7,5.25,1.38,7,5.25,1.47,6.33,5.06,1.42,1.36,3.2,1.38,3.2,1.35,3.05,1.42,3.3,1.25
SP1,05/09/2026,15:15,Ath Bilbao,Ath Madrid,3.1,3.3,2.3,3.1,3.5,2.38,2.97,3.41,2.33,1.91,1.91,1.91,1.91,1.85,1.89,1.96,1.99,0.25
SP1,05/09/2026,17:30,Vallecano,Santander,2.25,3.25,3.3,2.3,3.5,3.3,2.25,3.38,3.12,1.83,2.03,1.83,2.03,1.79,1.96,1.88,2.1,-0.25
SP1,05/09/2026,20:00,Villarreal,La Coruna,1.5,4.2,6.5,1.5,4.6,7.3,1.46,4.44,6.58,1.73,2.1,1.73,2.15,1.69,2.1,1.76,2.26,-1
SP1,06/09/2026,15:15,Valencia,Barcelona,10,5.75,1.29,11,6.5,1.31,9.13,5.81,1.27,1.36,3.2,1.38,3.2,1.36,3.03,1.41,3.35,1.75
SP1,06/09/2026,17:30,Alaves,Osasuna,2.25,3.1,3.5,2.3,3.1,3.55,2.23,3.04,3.43,2.5,1.53,2.5,1.53,2.43,1.52,2.66,1.58,-0.25
SP1,06/09/2026,17:30,Malaga,Levante,2.38,3.25,3,2.56,3.35,3,2.39,3.25,2.91,1.98,1.88,1.98,1.88,1.91,1.83,1.99,1.94,-0.25
SP1,06/09/2026,20:00,Espanol,Sevilla,2.3,3.1,3.4,2.3,3.25,3.45,2.24,3.12,3.31,2.38,1.57,2.38,1.6,2.31,1.56,2.46,1.66,-0.25
SP1,07/09/2026,18:00,Getafe,Celta,2.4,2.9,3.4,2.6,3,3.4,2.4,2.86,3.28,3,1.4,3,1.45,2.83,1.39,3.1,1.44,-0.25
SP1,07/09/2026,20:30,Elche,Sociedad,3.1,3.25,2.38,3.1,3.6,2.38,2.86,3.42,2.35,1.8,2,1.8,2,1.77,1.97,1.82,2.14,0.25
